{
  "accuracy": 0.74,
  "f1": 0.8238482384823848,
  "precision": 0.7835051546391752,
  "recall": 0.8685714285714285,
  "roc_auc": 0.741257142857143
}