{
  "accuracy": 0.644,
  "f1": 0.7561643835616437,
  "precision": 0.7263157894736842,
  "recall": 0.7885714285714286,
  "roc_auc": 0.6218666666666667
}