version,accuracy,f1,precision,recall,roc_auc
v_20260202_010106,0.74,0.8284960422163589,0.7696078431372549,0.8971428571428571,0.7385142857142858
