{
  "accuracy": 0.652,
  "f1": 0.7728459530026109,
  "precision": 0.7115384615384616,
  "recall": 0.8457142857142858,
  "roc_auc": 0.6361904761904762
}