{
  "accuracy": 0.664,
  "f1": 0.7812499999999999,
  "precision": 0.7177033492822966,
  "recall": 0.8571428571428571,
  "roc_auc": 0.656304761904762
}