{
  "accuracy": 0.64,
  "f1": 0.7471910112359551,
  "precision": 0.7348066298342542,
  "recall": 0.76,
  "roc_auc": 0.6615619047619047
}