{
  "accuracy": 0.668,
  "f1": 0.7713498622589532,
  "precision": 0.7446808510638298,
  "recall": 0.8,
  "roc_auc": 0.6512
}