{
  "accuracy": 0.74,
  "f1": 0.8284960422163589,
  "precision": 0.7696078431372549,
  "recall": 0.8971428571428571,
  "roc_auc": 0.7385142857142858
}