{
  "accuracy": 0.696,
  "f1": 0.8010471204188482,
  "precision": 0.7391304347826086,
  "recall": 0.8742857142857143,
  "roc_auc": 0.714057142857143
}