version,accuracy,f1,precision,recall,roc_auc
v_20260204_204901,0.64,0.7471910112359551,0.7348066298342542,0.76,0.6615619047619047
