version,accuracy,f1,precision,recall,roc_auc
v_20260202_200314,0.74,0.8238482384823848,0.7835051546391752,0.8685714285714285,0.741257142857143
