version,accuracy,f1,precision,recall,roc_auc
v_20260204_204053,0.696,0.8010471204188482,0.7391304347826086,0.8742857142857143,0.714057142857143
