version,accuracy,f1,precision,recall,roc_auc
v_20260204_203458,0.668,0.7713498622589532,0.7446808510638298,0.8,0.6512
