{
  "accuracy": 0.656,
  "f1": 0.7611111111111111,
  "precision": 0.7405405405405405,
  "recall": 0.7828571428571428,
  "roc_auc": 0.6496761904761905
}